loss,acc,val_loss,val_acc,
0.31119805574417114,0.09045369972806641,0.07779892534017563,0.08471665712650257,
